Date,Close/Last,Volume,Open,High,Low
12/13/2024,$324.47 ,4704074,$326.00 ,$337.63 ,$321.00 
12/12/2024,$326.21 ,4055388,$336.20 ,$340.63 ,$324.00 
12/11/2024,$338.21 ,7055397,$327.60 ,$339.17 ,$313.93 
12/10/2024,$321.06 ,9028330,$342.11 ,$360.46 ,$319.55 
12/9/2024,$342.54 ,16231090,$370.00 ,$379.90 ,$332.35 
12/6/2024,$401.50 ,9922600,$382.88 ,$417.64 ,$378.00 
12/5/2024,$379.07 ,6384126,$373.70 ,$397.47 ,$370.35 
12/4/2024,$373.70 ,5787179,$373.00 ,$384.50 ,$368.00 
12/3/2024,$366.55 ,7364755,$338.00 ,$372.57 ,$338.00 
12/2/2024,$340.59 ,3805672,$335.79 ,$347.60 ,$335.79 
11/29/2024,$336.75 ,2715151,$332.50 ,$343.75 ,$331.81 
11/27/2024,$328.56 ,4853996,$325.16 ,$329.36 ,$309.32 
11/26/2024,$329.77 ,4442188,$324.46 ,$334.74 ,$320.37 
11/25/2024,$319.59 ,8052262,$344.00 ,$344.77 ,$317.86 
11/22/2024,$333.31 ,6876405,$309.00 ,$335.39 ,$303.50 
11/21/2024,$318.24 ,8502478,$325.62 ,$329.19 ,$307.70 
11/20/2024,$325.22 ,7107526,$327.66 ,$342.51 ,$319.52 
11/19/2024,$321.19 ,5598984,$295.28 ,$323.59 ,$293.61 
11/18/2024,$298.00 ,5367268,$293.10 ,$302.40 ,$287.24 
11/15/2024,$291.09 ,24367480,$280.50 ,$292.05 ,$277.50 
11/14/2024,$284.49 ,7161888,$284.57 ,$302.55 ,$283.04 
11/13/2024,$283.96 ,4750341,$290.00 ,$291.45 ,$278.19 
11/12/2024,$289.03 ,6234730,$281.00 ,$291.32 ,$277.32 
11/11/2024,$286.43 ,10199300,$291.12 ,$292.05 ,$263.26 
11/8/2024,$290.01 ,15031880,$249.09 ,$292.86 ,$243.25 
11/7/2024,$246.53 ,18592810,$230.00 ,$257.43 ,$228.10 
11/6/2024,$168.55 ,6099615,$175.23 ,$176.99 ,$166.97 
11/5/2024,$165.18 ,4003607,$161.71 ,$167.43 ,$160.52 
11/4/2024,$159.11 ,4037632,$161.78 ,$162.45 ,$158.33 
11/1/2024,$163.53 ,3567856,$171.14 ,$171.18 ,$163.02 
10/31/2024,$169.39 ,2772826,$170.00 ,$171.31 ,$164.76 
10/30/2024,$171.65 ,2995066,$173.22 ,$174.46 ,$170.83 
10/29/2024,$172.24 ,2874192,$167.98 ,$172.55 ,$166.57 
10/28/2024,$166.19 ,2584857,$163.31 ,$166.74 ,$162.17 
10/25/2024,$161.63 ,2193317,$161.46 ,$164.15 ,$159.91 
10/24/2024,$159.00 ,2489101,$160.56 ,$162.72 ,$158.08 
10/23/2024,$159.40 ,4049409,$160.16 ,$165.38 ,$157.88 
10/22/2024,$158.95 ,3411484,$161.27 ,$163.08 ,$157.92 
10/21/2024,$158.85 ,5796491,$148.27 ,$159.81 ,$148.01 
10/18/2024,$145.22 ,2782714,$144.15 ,$146.02 ,$141.35 
10/17/2024,$143.00 ,2598862,$146.31 ,$146.74 ,$142.72 
10/16/2024,$144.85 ,4297483,$144.12 ,$145.10 ,$139.40 
10/15/2024,$143.81 ,4586154,$144.63 ,$146.77 ,$143.31 
10/14/2024,$145.30 ,5360997,$141.27 ,$148.48 ,$140.92 
10/11/2024,$147.00 ,4037692,$144.84 ,$147.60 ,$144.66 
10/10/2024,$144.84 ,3846403,$141.59 ,$145.68 ,$141.10 
10/9/2024,$143.40 ,4041783,$142.96 ,$144.49 ,$140.15 
10/8/2024,$143.51 ,2616049,$141.37 ,$143.95 ,$139.90 
10/7/2024,$139.95 ,3848907,$138.85 ,$142.27 ,$137.20 
10/4/2024,$139.66 ,3961834,$137.50 ,$140.02 ,$135.50 
10/3/2024,$135.25 ,3160930,$130.88 ,$135.25 ,$130.54 
10/2/2024,$131.36 ,2637210,$129.85 ,$132.03 ,$128.50 
10/1/2024,$130.65 ,2555869,$130.79 ,$131.67 ,$128.01 
9/30/2024,$130.55 ,3815330,$127.51 ,$131.15 ,$126.53 
9/27/2024,$127.75 ,2327078,$128.95 ,$128.95 ,$126.66 
9/26/2024,$128.13 ,4494924,$133.05 ,$133.05 ,$125.62 
9/25/2024,$130.71 ,4530394,$129.34 ,$131.41 ,$128.13 
9/24/2024,$129.08 ,4925232,$126.51 ,$130.39 ,$125.89 
9/23/2024,$126.12 ,3910278,$125.76 ,$127.42 ,$124.59 
9/20/2024,$126.09 ,9910742,$124.00 ,$126.68 ,$123.51 
9/19/2024,$124.00 ,6986042,$126.50 ,$128.19 ,$122.41 
9/18/2024,$123.16 ,7244702,$123.30 ,$125.75 ,$120.64 
9/17/2024,$123.64 ,9429335,$118.16 ,$124.77 ,$117.26 
9/16/2024,$116.25 ,6967191,$111.40 ,$116.97 ,$110.90 
9/13/2024,$112.58 ,8598380,$106.85 ,$112.88 ,$105.94 
9/12/2024,$105.61 ,9799073,$97.35 ,$106.45 ,$97.35 
9/11/2024,$97.57 ,7894736,$87.55 ,$98.10 ,$87.12 
9/10/2024,$86.23 ,2828257,$87.90 ,$88.28 ,$85.23 
9/9/2024,$86.31 ,3564603,$85.89 ,$88.20 ,$84.73 
9/6/2024,$84.57 ,4251015,$88.19 ,$88.57 ,$82.51 
9/5/2024,$88.19 ,2019206,$86.56 ,$89.42 ,$86.56 
9/4/2024,$87.88 ,2575421,$87.37 ,$89.86 ,$85.41 
9/3/2024,$88.13 ,3302478,$92.62 ,$92.81 ,$87.78 
8/30/2024,$92.87 ,4581581,$92.00 ,$93.70 ,$90.70 
8/29/2024,$91.61 ,4595149,$88.29 ,$93.69 ,$88.29 
8/28/2024,$88.00 ,3219430,$88.90 ,$89.80 ,$87.11 
8/27/2024,$90.30 ,1876301,$88.99 ,$90.89 ,$87.63 
8/26/2024,$89.89 ,2055205,$89.99 ,$92.33 ,$89.57 
8/23/2024,$90.20 ,1910210,$90.11 ,$91.30 ,$88.32 
8/22/2024,$89.00 ,3145691,$91.40 ,$92.50 ,$88.70 
8/21/2024,$90.89 ,3545904,$86.59 ,$91.10 ,$86.29 
8/20/2024,$86.58 ,2363889,$85.65 ,$88.70 ,$85.00 
8/19/2024,$85.82 ,1873259,$86.00 ,$86.30 ,$84.17 
8/16/2024,$86.35 ,2782248,$84.43 ,$87.02 ,$83.61 
8/15/2024,$85.58 ,3521056,$86.01 ,$86.94 ,$84.19 
8/14/2024,$84.64 ,6277856,$80.14 ,$85.60 ,$80.14 
8/13/2024,$79.79 ,3919450,$76.34 ,$80.17 ,$75.89 
8/12/2024,$74.76 ,4957280,$77.59 ,$78.19 ,$74.12 
8/9/2024,$77.38 ,4907309,$76.50 ,$78.15 ,$72.81 
8/8/2024,$76.73 ,9465858,$70.05 ,$76.86 ,$66.16 
8/7/2024,$67.19 ,7312921,$72.00 ,$73.00 ,$66.97 
8/6/2024,$69.00 ,4258981,$68.99 ,$70.50 ,$67.32 
8/5/2024,$67.14 ,3561747,$62.09 ,$68.72 ,$60.67 
8/2/2024,$68.72 ,4367960,$70.53 ,$71.55 ,$68.08 
8/1/2024,$75.09 ,3166051,$78.89 ,$81.63 ,$74.61 
7/31/2024,$77.10 ,2799924,$77.63 ,$78.05 ,$76.41 
7/30/2024,$74.83 ,3080529,$76.99 ,$78.39 ,$74.12 
7/29/2024,$76.85 ,2339722,$78.22 ,$79.10 ,$76.30 
7/26/2024,$77.53 ,1790395,$78.82 ,$78.82 ,$76.57 
7/25/2024,$76.17 ,4132036,$77.78 ,$78.20 ,$73.09 
7/24/2024,$78.68 ,2194673,$81.49 ,$82.86 ,$78.55 
7/23/2024,$83.81 ,1425225,$83.52 ,$85.28 ,$82.75 
7/22/2024,$83.24 ,1802280,$83.25 ,$83.88 ,$81.91 
7/19/2024,$81.80 ,1654460,$80.39 ,$82.34 ,$79.90 
7/18/2024,$80.93 ,2763491,$81.99 ,$82.26 ,$78.80 
7/17/2024,$80.19 ,4584270,$84.06 ,$84.36 ,$79.14 
7/16/2024,$86.53 ,2013982,$88.62 ,$89.26 ,$86.19 
7/15/2024,$87.93 ,3154293,$85.73 ,$88.46 ,$84.70 
7/12/2024,$84.86 ,1952367,$82.22 ,$85.24 ,$81.83 
7/11/2024,$82.01 ,2383410,$85.00 ,$85.06 ,$80.87 
7/10/2024,$84.36 ,2349665,$85.00 ,$85.28 ,$82.07 
7/9/2024,$84.71 ,1996618,$85.65 ,$86.21 ,$84.04 
7/8/2024,$85.18 ,2932270,$87.32 ,$87.92 ,$83.12 
7/5/2024,$86.80 ,5769638,$87.51 ,$91.91 ,$85.32 
7/3/2024,$86.96 ,2986846,$83.77 ,$87.00 ,$83.70 
7/2/2024,$83.68 ,3466501,$84.21 ,$85.39 ,$82.63 
7/1/2024,$84.82 ,3347368,$85.12 ,$85.26 ,$82.42 
6/28/2024,$83.22 ,10782600,$83.50 ,$84.35 ,$82.30 
6/27/2024,$83.12 ,3319344,$80.58 ,$83.56 ,$80.02 
6/26/2024,$80.48 ,2896594,$80.72 ,$82.25 ,$79.89 
6/25/2024,$81.21 ,4042492,$78.44 ,$81.76 ,$78.44 
6/24/2024,$78.05 ,3496426,$77.74 ,$78.34 ,$76.38 
6/21/2024,$78.58 ,4131590,$77.00 ,$78.72 ,$75.13 
6/20/2024,$77.18 ,4373362,$81.60 ,$82.66 ,$76.34 
6/18/2024,$80.84 ,4370271,$78.53 ,$81.10 ,$78.46 
6/17/2024,$78.46 ,3794585,$77.67 ,$79.45 ,$76.74 
6/14/2024,$77.52 ,2846332,$75.41 ,$77.67 ,$74.90 
6/13/2024,$75.65 ,3139153,$76.54 ,$77.23 ,$74.38 
6/12/2024,$76.54 ,6165466,$79.15 ,$79.35 ,$73.63 
6/11/2024,$77.35 ,9550263,$79.65 ,$79.65 ,$72.15 
6/10/2024,$80.38 ,3835552,$81.18 ,$83.00 ,$79.08 
6/7/2024,$81.91 ,3008807,$82.40 ,$83.34 ,$80.80 
6/6/2024,$83.23 ,4691460,$83.67 ,$87.08 ,$82.20 
6/5/2024,$83.67 ,4259529,$82.20 ,$84.60 ,$81.83 
6/4/2024,$81.64 ,4193399,$83.00 ,$85.45 ,$79.86 
6/3/2024,$82.70 ,3779345,$83.05 ,$83.42 ,$79.07 
5/31/2024,$81.48 ,6736002,$82.99 ,$83.10 ,$78.22 
5/30/2024,$82.50 ,3246540,$83.51 ,$84.23 ,$82.09 
5/29/2024,$83.89 ,2998217,$82.13 ,$84.38 ,$81.45 
5/28/2024,$83.23 ,6187170,$83.84 ,$85.34 ,$82.56 
5/24/2024,$82.15 ,5051632,$79.43 ,$82.28 ,$78.38 
5/23/2024,$79.26 ,3662258,$81.51 ,$81.79 ,$77.90 
5/22/2024,$80.00 ,4840484,$83.90 ,$84.59 ,$79.50 
5/21/2024,$84.00 ,4187112,$84.54 ,$84.93 ,$83.02 
5/20/2024,$84.57 ,6473645,$82.50 ,$85.15 ,$81.43 
5/17/2024,$82.49 ,3337159,$83.25 ,$83.92 ,$81.92 
5/16/2024,$83.23 ,4621392,$83.84 ,$84.50 ,$82.71 
5/15/2024,$84.06 ,5308128,$84.10 ,$84.39 ,$82.53 
5/14/2024,$83.44 ,7763198,$81.12 ,$83.89 ,$80.01 
5/13/2024,$86.37 ,5023685,$87.05 ,$87.13 ,$83.51 
5/10/2024,$86.43 ,4971021,$85.74 ,$87.96 ,$84.81 
5/9/2024,$84.69 ,15126930,$83.27 ,$88.50 ,$80.67 
5/8/2024,$74.00 ,6353585,$75.73 ,$76.63 ,$73.62 
5/7/2024,$77.09 ,3398337,$76.40 ,$78.28 ,$75.32 
5/6/2024,$76.85 ,2831224,$75.80 ,$77.56 ,$75.30 
5/3/2024,$75.07 ,2974643,$73.00 ,$75.28 ,$72.50 
5/2/2024,$72.47 ,2397917,$71.26 ,$73.05 ,$70.68 
5/1/2024,$69.74 ,2645981,$70.73 ,$72.36 ,$69.37 
4/30/2024,$70.57 ,3686963,$72.36 ,$73.28 ,$70.51 
4/29/2024,$72.99 ,3820203,$72.64 ,$73.67 ,$71.53 
4/26/2024,$73.82 ,5381253,$70.09 ,$74.59 ,$69.97 
4/25/2024,$69.21 ,4564826,$66.46 ,$69.78 ,$65.62 
4/24/2024,$69.70 ,3856520,$71.80 ,$72.98 ,$68.46 
4/23/2024,$71.19 ,2526673,$68.86 ,$71.67 ,$68.86 
4/22/2024,$67.85 ,2468579,$67.30 ,$68.25 ,$65.70 
4/19/2024,$66.80 ,2614725,$68.16 ,$69.18 ,$66.21 
4/18/2024,$68.86 ,3701838,$71.47 ,$71.83 ,$68.31 
4/17/2024,$70.90 ,2394701,$72.75 ,$73.19 ,$70.36 
4/16/2024,$72.32 ,2812054,$70.81 ,$73.29 ,$70.45 
4/15/2024,$71.43 ,4107157,$74.34 ,$75.10 ,$71.28 
4/12/2024,$75.57 ,2563815,$77.50 ,$78.04 ,$74.49 
4/11/2024,$78.24 ,2777242,$77.21 ,$78.88 ,$75.22 
4/10/2024,$76.34 ,2924223,$74.71 ,$77.53 ,$74.32 
4/9/2024,$76.52 ,4198047,$78.30 ,$79.55 ,$75.34 
4/8/2024,$78.05 ,3907399,$77.18 ,$78.29 ,$75.05 
4/5/2024,$74.80 ,4151377,$71.95 ,$75.85 ,$70.83 
4/4/2024,$72.78 ,4692253,$73.10 ,$75.83 ,$72.49 
4/3/2024,$72.86 ,7316568,$69.76 ,$73.68 ,$69.51 
4/2/2024,$69.72 ,3216475,$67.40 ,$69.76 ,$67.20 
4/1/2024,$69.14 ,1735826,$69.04 ,$69.43 ,$67.80 
3/28/2024,$69.22 ,2602080,$68.85 ,$70.04 ,$68.54 
3/27/2024,$68.86 ,4049757,$71.25 ,$71.59 ,$66.29 
3/26/2024,$71.09 ,5233182,$72.80 ,$74.55 ,$70.57 
3/25/2024,$72.60 ,2617999,$70.61 ,$73.25 ,$70.39 
3/22/2024,$71.23 ,6505125,$72.00 ,$72.31 ,$70.26 
3/21/2024,$71.91 ,3400769,$71.52 ,$73.48 ,$71.03 
3/20/2024,$70.52 ,3855287,$68.18 ,$71.07 ,$67.28 
3/19/2024,$67.64 ,5961671,$66.99 ,$68.01 ,$63.73 
3/18/2024,$68.15 ,7559290,$63.75 ,$68.82 ,$63.59 
3/15/2024,$63.13 ,4651275,$62.58 ,$63.91 ,$62.14 
3/14/2024,$63.19 ,3870947,$63.43 ,$64.31 ,$62.50 
3/13/2024,$63.09 ,3591789,$60.99 ,$63.21 ,$60.80 
3/12/2024,$61.11 ,3947512,$61.15 ,$61.35 ,$59.92 
3/11/2024,$60.03 ,4416926,$62.80 ,$62.95 ,$59.30 
3/8/2024,$63.42 ,3862427,$64.04 ,$65.67 ,$62.54 
3/7/2024,$63.19 ,4284601,$63.00 ,$63.38 ,$62.31 
3/6/2024,$62.62 ,4374053,$62.53 ,$63.84 ,$61.12 
3/5/2024,$60.96 ,3761466,$60.75 ,$61.69 ,$60.02 
3/4/2024,$61.87 ,4657779,$62.50 ,$63.49 ,$61.60 
3/1/2024,$62.26 ,6075799,$60.73 ,$62.34 ,$59.84 
2/29/2024,$59.72 ,15796580,$58.50 ,$60.06 ,$57.40 
2/28/2024,$58.01 ,2882703,$59.80 ,$60.40 ,$57.97 
2/27/2024,$60.63 ,4166060,$59.91 ,$61.35 ,$59.68 
2/26/2024,$58.99 ,4403088,$57.82 ,$60.90 ,$57.72 
2/23/2024,$57.39 ,3099008,$58.07 ,$59.07 ,$57.09 
2/22/2024,$57.80 ,4504992,$57.76 ,$58.34 ,$56.45 
2/21/2024,$55.42 ,4188952,$55.21 ,$57.58 ,$54.50 
2/20/2024,$57.33 ,6227993,$59.13 ,$59.15 ,$55.38 
2/16/2024,$59.87 ,6179914,$58.52 ,$60.65 ,$57.12 
2/15/2024,$58.50 ,16102550,$54.69 ,$59.14 ,$52.75 
2/14/2024,$46.87 ,6882487,$46.28 ,$47.30 ,$45.59 
2/13/2024,$45.83 ,3452187,$45.33 ,$46.79 ,$45.12 
2/12/2024,$47.06 ,3593317,$46.68 ,$48.37 ,$46.48 
2/9/2024,$46.35 ,2741664,$47.08 ,$47.16 ,$45.28 
2/8/2024,$46.55 ,3383906,$47.80 ,$48.77 ,$46.52 
2/7/2024,$47.69 ,4285769,$46.50 ,$47.83 ,$45.72 
2/6/2024,$46.04 ,2400241,$46.11 ,$46.50 ,$45.08 
2/5/2024,$45.48 ,2839626,$45.60 ,$46.09 ,$44.01 
2/2/2024,$45.86 ,6023717,$41.00 ,$45.89 ,$40.71 
2/1/2024,$40.96 ,2847218,$41.54 ,$41.98 ,$40.90 
1/31/2024,$41.13 ,2907096,$41.80 ,$42.45 ,$41.04 
1/30/2024,$42.47 ,5727685,$46.42 ,$47.04 ,$42.11 
1/29/2024,$46.57 ,4791629,$44.55 ,$46.59 ,$44.15 
1/26/2024,$44.30 ,2173518,$44.14 ,$44.58 ,$43.90 
1/25/2024,$44.07 ,1895125,$43.92 ,$44.57 ,$43.25 
1/24/2024,$43.31 ,3867498,$45.42 ,$45.60 ,$42.89 
1/23/2024,$44.73 ,5229636,$44.05 ,$44.89 ,$43.40 
1/22/2024,$43.36 ,8092964,$42.44 ,$44.02 ,$42.27 
1/19/2024,$41.14 ,3288412,$43.40 ,$43.70 ,$41.10 
1/18/2024,$43.09 ,2826596,$42.01 ,$43.12 ,$40.98 
1/17/2024,$41.18 ,2661415,$40.57 ,$41.22 ,$39.43 
1/16/2024,$40.72 ,2131302,$41.37 ,$41.42 ,$40.39 
1/12/2024,$41.71 ,2121994,$41.45 ,$42.03 ,$41.21 
1/11/2024,$41.42 ,2108644,$40.99 ,$41.45 ,$39.91 
1/10/2024,$40.53 ,2951449,$39.39 ,$41.26 ,$39.15 
1/9/2024,$39.14 ,1727027,$38.76 ,$39.31 ,$38.60 
1/8/2024,$39.29 ,1428751,$38.33 ,$39.31 ,$37.95 
1/5/2024,$38.11 ,1955574,$37.79 ,$38.69 ,$37.68 
1/4/2024,$38.12 ,2131449,$38.04 ,$38.42 ,$37.40 
1/3/2024,$38.21 ,1942383,$37.94 ,$38.43 ,$37.58 
1/2/2024,$38.78 ,2371617,$39.41 ,$39.41 ,$38.30 
12/29/2023,$39.85 ,2260496,$40.70 ,$40.75 ,$39.28 
12/28/2023,$40.76 ,1130889,$40.35 ,$40.93 ,$40.35 
12/27/2023,$40.65 ,2234110,$40.50 ,$40.69 ,$39.88 
12/26/2023,$40.40 ,2617256,$41.16 ,$41.39 ,$40.31 
12/22/2023,$41.21 ,1898110,$42.38 ,$42.48 ,$41.14 
12/21/2023,$43.00 ,1590184,$43.92 ,$44.11 ,$42.32 
12/20/2023,$43.10 ,2132609,$43.61 ,$44.57 ,$43.03 
12/19/2023,$43.59 ,3942374,$41.46 ,$44.41 ,$41.26 
12/18/2023,$40.87 ,2922715,$40.57 ,$41.05 ,$39.92 
12/15/2023,$39.95 ,4500286,$38.79 ,$40.24 ,$38.72 
12/14/2023,$38.69 ,4068395,$38.25 ,$39.59 ,$38.14 
12/13/2023,$37.93 ,3158259,$36.37 ,$38.03 ,$36.33 
12/12/2023,$36.26 ,4006763,$36.56 ,$36.75 ,$35.79 
12/11/2023,$36.74 ,3843113,$37.27 ,$37.91 ,$36.58 
12/8/2023,$37.36 ,1631409,$36.53 ,$37.62 ,$36.53 
12/7/2023,$36.84 ,1931984,$36.52 ,$37.06 ,$36.37 
12/6/2023,$36.60 ,1929521,$37.13 ,$37.80 ,$36.30 
12/5/2023,$37.07 ,2456668,$36.98 ,$37.38 ,$36.61 
12/4/2023,$37.37 ,3051163,$37.57 ,$37.93 ,$36.95 
12/1/2023,$38.25 ,2907921,$37.65 ,$38.77 ,$36.81 
11/30/2023,$37.48 ,4034516,$38.93 ,$39.50 ,$37.04 
11/29/2023,$39.03 ,2246045,$38.88 ,$39.27 ,$38.28 
11/28/2023,$38.40 ,3391639,$39.43 ,$40.09 ,$37.95 
11/27/2023,$39.39 ,3201623,$39.25 ,$40.42 ,$38.79 
11/24/2023,$39.49 ,811897,$39.21 ,$39.64 ,$38.73 
11/22/2023,$39.24 ,1329399,$39.00 ,$39.54 ,$38.61 
11/21/2023,$38.77 ,1830018,$39.02 ,$39.65 ,$38.66 
11/20/2023,$39.50 ,1991372,$39.16 ,$40.11 ,$39.16 
11/17/2023,$39.10 ,2328844,$39.19 ,$39.42 ,$38.57 
11/16/2023,$38.93 ,2850283,$40.20 ,$40.40 ,$38.90 
11/15/2023,$40.45 ,5182338,$42.44 ,$42.70 ,$39.87 
11/14/2023,$42.80 ,3557946,$42.58 ,$43.81 ,$42.57 
11/13/2023,$41.41 ,3429941,$43.65 ,$44.52 ,$41.33 
11/10/2023,$43.79 ,5899335,$39.87 ,$44.06 ,$39.13 
11/9/2023,$39.68 ,14358820,$45.11 ,$45.11 ,$37.14 
11/8/2023,$40.12 ,5230839,$41.10 ,$41.91 ,$39.82 
11/7/2023,$40.89 ,5125564,$40.00 ,$41.50 ,$39.67 
11/6/2023,$39.42 ,3293937,$39.36 ,$39.48 ,$38.42 
11/3/2023,$39.27 ,2235528,$37.26 ,$39.51 ,$37.26 
11/2/2023,$37.36 ,2093839,$37.63 ,$38.92 ,$37.28 
11/1/2023,$36.70 ,2246595,$36.57 ,$36.77 ,$36.05 
10/31/2023,$36.44 ,1023836,$36.88 ,$37.28 ,$36.27 
10/30/2023,$36.73 ,1631017,$36.82 ,$37.16 ,$35.87 
10/27/2023,$36.22 ,2358265,$36.77 ,$37.00 ,$36.13 
10/26/2023,$36.37 ,3996684,$36.40 ,$36.65 ,$34.45 
10/25/2023,$36.15 ,1709881,$38.32 ,$38.38 ,$36.06 
10/24/2023,$38.47 ,1352194,$38.18 ,$38.95 ,$37.72 
10/23/2023,$37.64 ,1440720,$37.05 ,$38.23 ,$36.83 
10/20/2023,$37.58 ,1993561,$38.34 ,$38.56 ,$37.39 
10/19/2023,$38.54 ,2165939,$39.37 ,$39.68 ,$38.45 
10/18/2023,$38.95 ,1546504,$39.36 ,$39.98 ,$38.63 
10/17/2023,$39.64 ,2237114,$38.89 ,$40.25 ,$38.82 
10/16/2023,$38.89 ,2298882,$38.69 ,$39.43 ,$37.91 
10/13/2023,$38.52 ,2091588,$39.68 ,$39.83 ,$38.21 
10/12/2023,$39.69 ,2033178,$40.16 ,$40.21 ,$38.98 
10/11/2023,$40.28 ,2003712,$40.50 ,$40.64 ,$39.80 
10/10/2023,$40.53 ,3160809,$41.50 ,$42.22 ,$40.42 
10/9/2023,$40.85 ,1542962,$39.71 ,$40.94 ,$39.57 
10/6/2023,$40.38 ,1828512,$38.99 ,$41.06 ,$38.79 
10/5/2023,$39.70 ,1230612,$40.29 ,$40.34 ,$39.32 
10/4/2023,$40.33 ,2205803,$39.30 ,$40.47 ,$39.24 
10/3/2023,$39.13 ,2126860,$40.32 ,$40.96 ,$39.00 
10/2/2023,$40.82 ,1356697,$40.15 ,$41.05 ,$39.97 
9/29/2023,$39.96 ,1539213,$40.38 ,$40.53 ,$39.61 
9/28/2023,$39.74 ,1486025,$39.24 ,$40.35 ,$38.90 
9/27/2023,$39.56 ,1734848,$38.96 ,$39.56 ,$38.39 
9/26/2023,$38.59 ,2239987,$37.65 ,$39.05 ,$37.37 
9/25/2023,$38.20 ,2219645,$37.35 ,$38.34 ,$37.12 
9/22/2023,$37.76 ,2103852,$38.82 ,$38.97 ,$37.48 
9/21/2023,$38.44 ,2582358,$38.38 ,$39.30 ,$38.24 
9/20/2023,$39.33 ,3766858,$39.67 ,$40.56 ,$39.31 
9/19/2023,$39.73 ,5803233,$43.60 ,$43.79 ,$39.02 
9/18/2023,$44.01 ,5615416,$42.49 ,$44.89 ,$42.09 
9/15/2023,$42.82 ,6482767,$42.12 ,$42.84 ,$41.09 
9/14/2023,$42.60 ,3400457,$41.72 ,$42.97 ,$41.31 
9/13/2023,$40.81 ,2640220,$41.41 ,$41.85 ,$40.70 
9/12/2023,$41.70 ,3087177,$41.96 ,$42.34 ,$41.31 
9/11/2023,$42.40 ,1798960,$42.62 ,$43.64 ,$42.28 
9/8/2023,$42.12 ,1284707,$42.34 ,$42.62 ,$41.73 
9/7/2023,$42.48 ,1468821,$41.72 ,$42.90 ,$41.50 
9/6/2023,$42.23 ,1971711,$42.26 ,$42.70 ,$41.78 
9/5/2023,$42.54 ,2090014,$42.71 ,$43.46 ,$42.13 
9/1/2023,$43.19 ,1467612,$43.49 ,$43.76 ,$42.85 
8/31/2023,$43.22 ,2226555,$43.10 ,$43.24 ,$42.54 
8/30/2023,$42.98 ,2481764,$41.25 ,$43.04 ,$41.25 
8/29/2023,$41.22 ,2865388,$40.46 ,$42.30 ,$40.38 
8/28/2023,$40.65 ,2042557,$39.67 ,$40.91 ,$39.37 
8/25/2023,$39.76 ,1595614,$39.31 ,$39.94 ,$38.85 
8/24/2023,$39.31 ,1984181,$40.43 ,$40.43 ,$39.22 
8/23/2023,$40.18 ,2112139,$39.56 ,$40.19 ,$39.39 
8/22/2023,$39.48 ,2502739,$40.68 ,$40.69 ,$39.24 
8/21/2023,$39.01 ,4053484,$38.51 ,$39.60 ,$38.13 
8/18/2023,$38.23 ,2520479,$37.21 ,$39.25 ,$37.07 
8/17/2023,$37.82 ,2300786,$38.62 ,$38.87 ,$37.44 
8/16/2023,$39.05 ,2437036,$39.40 ,$39.65 ,$38.63 
8/15/2023,$39.63 ,2374522,$39.69 ,$40.04 ,$38.53 
8/14/2023,$39.75 ,3657377,$38.40 ,$40.00 ,$38.30 
8/11/2023,$38.89 ,6993145,$37.20 ,$39.57 ,$37.11 
8/10/2023,$37.20 ,19545560,$38.32 ,$38.96 ,$33.17 
8/9/2023,$29.41 ,4990638,$30.03 ,$30.19 ,$28.99 
8/8/2023,$30.05 ,1966355,$30.07 ,$30.32 ,$29.60 
8/7/2023,$30.78 ,2225073,$31.44 ,$31.48 ,$30.23 
8/4/2023,$31.36 ,3167201,$31.10 ,$31.97 ,$31.03 
8/3/2023,$30.59 ,1267334,$31.00 ,$31.19 ,$30.35 
8/2/2023,$31.16 ,2419536,$30.57 ,$31.38 ,$29.76 
8/1/2023,$31.43 ,1471764,$31.14 ,$32.03 ,$30.87 
7/31/2023,$31.40 ,1526470,$31.31 ,$31.89 ,$31.17 
7/28/2023,$31.26 ,2014284,$30.73 ,$31.33 ,$30.48 
7/27/2023,$29.98 ,2646264,$30.59 ,$31.10 ,$29.95 
7/26/2023,$29.94 ,1880330,$28.19 ,$29.98 ,$28.19 
7/25/2023,$28.64 ,1323419,$28.40 ,$28.93 ,$28.39 
7/24/2023,$28.15 ,1442209,$29.50 ,$29.50 ,$27.96 
7/21/2023,$28.10 ,1094858,$28.48 ,$28.51 ,$27.97 
7/20/2023,$28.03 ,2525406,$28.07 ,$28.18 ,$27.32 
7/19/2023,$28.57 ,1518992,$28.60 ,$29.13 ,$28.13 
7/18/2023,$28.31 ,1215434,$28.70 ,$28.76 ,$28.27 
7/17/2023,$28.46 ,1072224,$28.30 ,$28.72 ,$27.86 
7/14/2023,$28.15 ,1113000,$28.98 ,$29.13 ,$28.08 
7/13/2023,$28.99 ,2518757,$28.55 ,$29.25 ,$28.33 
7/12/2023,$28.30 ,1504840,$28.50 ,$28.56 ,$27.85 
7/11/2023,$28.09 ,2805186,$27.22 ,$28.59 ,$26.92 
7/10/2023,$27.08 ,1999867,$25.83 ,$27.14 ,$25.82 
7/7/2023,$25.99 ,1505216,$25.76 ,$26.54 ,$25.73 
7/6/2023,$25.55 ,1879160,$26.02 ,$26.12 ,$25.24 
7/5/2023,$26.56 ,1757139,$25.79 ,$26.65 ,$25.79 
7/3/2023,$25.92 ,759170,$25.65 ,$26.00 ,$25.54 
6/30/2023,$25.73 ,2091404,$26.04 ,$26.32 ,$25.70 
6/29/2023,$25.57 ,1486899,$25.70 ,$25.76 ,$25.11 
6/28/2023,$25.71 ,2181635,$25.92 ,$26.62 ,$25.67 
6/27/2023,$26.04 ,2516401,$24.52 ,$26.16 ,$24.52 
6/26/2023,$24.19 ,1800173,$23.49 ,$24.70 ,$23.48 
6/23/2023,$23.39 ,4326602,$23.30 ,$23.51 ,$22.85 
6/22/2023,$23.70 ,1333127,$23.22 ,$23.77 ,$22.95 
6/21/2023,$23.35 ,1782338,$23.63 ,$23.79 ,$23.18 
6/20/2023,$23.58 ,2908173,$23.69 ,$24.30 ,$23.22 
6/16/2023,$23.97 ,7120427,$23.30 ,$24.43 ,$23.09 
6/15/2023,$23.21 ,2227959,$22.19 ,$23.46 ,$22.11 
6/14/2023,$22.50 ,2264313,$22.51 ,$22.78 ,$21.87 
6/13/2023,$22.52 ,2016800,$22.71 ,$23.12 ,$22.19 
6/12/2023,$22.38 ,2137874,$22.83 ,$22.83 ,$22.16 
6/9/2023,$22.66 ,1962993,$22.39 ,$23.51 ,$22.35 
6/8/2023,$22.49 ,3651241,$21.44 ,$22.86 ,$21.33 
6/7/2023,$21.54 ,6511171,$23.58 ,$23.70 ,$21.04 
6/6/2023,$23.30 ,4938258,$25.65 ,$25.72 ,$23.24 
6/5/2023,$25.60 ,3630009,$24.79 ,$25.79 ,$24.19 
6/2/2023,$24.81 ,2718352,$25.04 ,$25.65 ,$24.61 
6/1/2023,$24.83 ,1908866,$24.51 ,$25.00 ,$24.13 
5/31/2023,$25.01 ,3578260,$23.99 ,$25.18 ,$23.88 
5/30/2023,$24.23 ,2196354,$24.61 ,$24.91 ,$24.12 
5/26/2023,$24.05 ,1772205,$24.14 ,$24.49 ,$23.87 
5/25/2023,$24.05 ,1905426,$24.93 ,$25.08 ,$23.65 
5/24/2023,$24.43 ,1749025,$24.39 ,$24.85 ,$24.23 
5/23/2023,$24.81 ,1819578,$24.93 ,$25.50 ,$24.72 
5/22/2023,$25.09 ,3246945,$25.17 ,$25.34 ,$24.54 
5/19/2023,$25.12 ,2217863,$25.08 ,$25.24 ,$24.70 
5/18/2023,$25.08 ,4548185,$24.43 ,$25.20 ,$24.28 
5/17/2023,$24.38 ,5482287,$24.37 ,$25.01 ,$24.05 
5/16/2023,$22.88 ,2594367,$22.50 ,$23.11 ,$22.08 
5/15/2023,$22.63 ,3835143,$21.55 ,$22.93 ,$21.37 
5/12/2023,$21.51 ,3462133,$22.68 ,$22.68 ,$21.12 
5/11/2023,$22.00 ,15089800,$21.76 ,$23.00 ,$20.90 
5/10/2023,$17.81 ,4608865,$17.74 ,$18.06 ,$17.57 
5/9/2023,$17.33 ,3298704,$17.41 ,$17.75 ,$17.25 
5/8/2023,$17.62 ,2333738,$17.20 ,$17.92 ,$17.20 
5/5/2023,$17.16 ,1757471,$16.90 ,$17.26 ,$16.85 
5/4/2023,$16.62 ,2322952,$16.65 ,$17.04 ,$16.56 
5/3/2023,$16.45 ,2243240,$16.36 ,$17.19 ,$16.35 
5/2/2023,$16.26 ,2790641,$16.81 ,$16.91 ,$15.70 
5/1/2023,$16.87 ,3190820,$16.97 ,$17.11 ,$16.69 
4/28/2023,$17.00 ,2051495,$16.96 ,$17.32 ,$16.68 
4/27/2023,$17.03 ,2945295,$16.48 ,$17.34 ,$16.38 
4/26/2023,$15.94 ,3048987,$15.76 ,$16.37 ,$15.61 
4/25/2023,$15.44 ,1740861,$15.76 ,$15.79 ,$15.41 
4/24/2023,$15.86 ,2439934,$16.53 ,$16.59 ,$15.59 
4/21/2023,$16.43 ,2039801,$16.59 ,$16.72 ,$16.32 
4/20/2023,$16.49 ,2077011,$16.50 ,$16.86 ,$16.39 
4/19/2023,$16.77 ,2262778,$16.33 ,$17.08 ,$16.27 
4/18/2023,$16.60 ,1790807,$16.61 ,$16.73 ,$16.33 
4/17/2023,$16.34 ,2329815,$16.41 ,$16.85 ,$16.17 
4/14/2023,$16.47 ,2246866,$16.30 ,$16.56 ,$16.12 
4/13/2023,$16.36 ,2961475,$16.37 ,$16.83 ,$16.30 
4/12/2023,$16.16 ,2765251,$16.41 ,$16.41 ,$15.85 
4/11/2023,$15.96 ,2145980,$15.86 ,$16.16 ,$15.77 
4/10/2023,$15.86 ,2247541,$15.45 ,$15.92 ,$15.26 
4/6/2023,$15.72 ,2306470,$15.62 ,$15.95 ,$15.26 
4/5/2023,$15.70 ,3350698,$16.31 ,$16.36 ,$15.25 
4/4/2023,$16.40 ,2607764,$15.92 ,$16.56 ,$15.92 
4/3/2023,$15.83 ,2150933,$15.62 ,$16.01 ,$15.56 
3/31/2023,$15.75 ,2517940,$15.22 ,$15.88 ,$15.07 
3/30/2023,$15.00 ,2675918,$15.34 ,$15.38 ,$14.91 
3/29/2023,$14.98 ,2725811,$14.28 ,$15.06 ,$14.24 
3/28/2023,$13.97 ,1740101,$14.11 ,$14.15 ,$13.83 
3/27/2023,$14.15 ,2424008,$14.25 ,$14.35 ,$13.69 
3/24/2023,$14.17 ,1728320,$14.15 ,$14.35 ,$13.85 
3/23/2023,$14.19 ,1817181,$14.15 ,$14.74 ,$14.05 
3/22/2023,$13.81 ,2212401,$14.27 ,$14.41 ,$13.79 
3/21/2023,$14.24 ,2483371,$13.76 ,$14.41 ,$13.64 
3/20/2023,$13.60 ,2591521,$13.41 ,$14.06 ,$13.23 
3/17/2023,$13.52 ,6121607,$13.68 ,$14.00 ,$13.48 
3/16/2023,$13.76 ,3313104,$13.67 ,$14.05 ,$13.54 
3/15/2023,$13.59 ,3235076,$12.40 ,$13.69 ,$12.36 
3/14/2023,$12.77 ,2054282,$12.82 ,$12.93 ,$12.62 
3/13/2023,$12.41 ,2417822,$12.14 ,$12.71 ,$11.69 
3/10/2023,$12.31 ,2316917,$12.75 ,$12.75 ,$11.92 
3/9/2023,$12.78 ,1574896,$13.23 ,$13.58 ,$12.71 
3/8/2023,$13.29 ,1760988,$13.42 ,$13.59 ,$13.18 
3/7/2023,$13.44 ,1885609,$13.67 ,$13.95 ,$13.35 
3/6/2023,$13.61 ,1586422,$14.01 ,$14.18 ,$13.50 
3/3/2023,$13.95 ,2183316,$13.94 ,$14.29 ,$13.80 
3/2/2023,$13.70 ,1393180,$13.26 ,$13.71 ,$13.13 
3/1/2023,$13.38 ,1817797,$13.50 ,$13.59 ,$13.24 
2/28/2023,$13.50 ,2297097,$13.34 ,$13.72 ,$13.29 
2/27/2023,$13.41 ,2751512,$14.45 ,$14.56 ,$13.37 
2/24/2023,$14.21 ,3171028,$14.06 ,$14.51 ,$14.01 
2/23/2023,$14.49 ,3350581,$14.65 ,$15.05 ,$14.12 
2/22/2023,$15.17 ,3225963,$14.20 ,$15.31 ,$14.11 
2/21/2023,$14.20 ,2920786,$14.62 ,$14.79 ,$14.19 
2/17/2023,$14.99 ,2701121,$15.45 ,$15.59 ,$14.93 
2/16/2023,$15.60 ,3155921,$16.21 ,$16.59 ,$15.59 
2/15/2023,$16.87 ,3881632,$15.94 ,$17.02 ,$15.79 
2/14/2023,$15.97 ,3283195,$15.59 ,$16.22 ,$15.17 
2/13/2023,$15.86 ,4817565,$15.39 ,$16.11 ,$14.39 
2/10/2023,$15.29 ,5111595,$15.71 ,$16.14 ,$15.14 
2/9/2023,$16.11 ,14681560,$17.27 ,$17.38 ,$16.05 
2/8/2023,$12.68 ,7109323,$12.75 ,$13.13 ,$12.42 
2/7/2023,$12.85 ,2901947,$12.58 ,$12.93 ,$12.35 
2/6/2023,$12.60 ,3526764,$12.94 ,$13.14 ,$12.49 
2/3/2023,$13.22 ,2688518,$13.49 ,$14.05 ,$13.17 
2/2/2023,$14.19 ,5440921,$13.96 ,$14.53 ,$13.48 
2/1/2023,$13.36 ,3002904,$12.76 ,$13.36 ,$12.44 
1/31/2023,$12.70 ,2207054,$12.30 ,$12.71 ,$12.18 
1/30/2023,$12.21 ,2764126,$12.20 ,$12.49 ,$11.81 
1/27/2023,$12.59 ,2602614,$11.76 ,$12.68 ,$11.76 
1/26/2023,$11.90 ,1905866,$12.22 ,$12.28 ,$11.77 
1/25/2023,$11.82 ,1904213,$11.50 ,$11.91 ,$11.01 
1/24/2023,$11.90 ,2775669,$11.84 ,$12.19 ,$11.72 
1/23/2023,$11.98 ,2707811,$11.02 ,$11.99 ,$10.96 
1/20/2023,$10.94 ,1960167,$10.27 ,$10.95 ,$10.13 
1/19/2023,$10.18 ,1856516,$10.40 ,$10.62 ,$10.09 
1/18/2023,$10.70 ,1975591,$11.04 ,$11.23 ,$10.66 
1/17/2023,$10.90 ,2863141,$10.79 ,$11.08 ,$10.44 
1/13/2023,$10.81 ,1345499,$10.44 ,$10.91 ,$10.33 
1/12/2023,$10.68 ,1727152,$10.83 ,$10.89 ,$10.30 
1/11/2023,$10.76 ,2544548,$10.40 ,$10.78 ,$10.30 
1/10/2023,$10.37 ,3944108,$10.07 ,$10.37 ,$9.95 
1/9/2023,$10.18 ,3275668,$9.95 ,$10.53 ,$9.92 
1/6/2023,$9.72 ,4199762,$9.89 ,$9.94 ,$9.22 
1/5/2023,$9.85 ,4030132,$9.71 ,$10.01 ,$9.44 
1/4/2023,$10.90 ,3561291,$10.98 ,$11.18 ,$10.57 
1/3/2023,$10.73 ,2575215,$10.81 ,$11.14 ,$10.47 
12/30/2022,$10.53 ,2578053,$10.13 ,$10.60 ,$10.13 
12/29/2022,$10.43 ,2600592,$9.53 ,$10.57 ,$9.44 
12/28/2022,$9.40 ,2654314,$9.22 ,$9.44 ,$9.14 
12/27/2022,$9.30 ,2569536,$9.80 ,$9.80 ,$9.23 
12/23/2022,$9.84 ,2601387,$9.85 ,$9.92 ,$9.67 
12/22/2022,$9.84 ,3079491,$9.94 ,$10.05 ,$9.53 
12/21/2022,$10.20 ,3541004,$9.95 ,$10.43 ,$9.78 
12/20/2022,$9.83 ,2406540,$9.41 ,$9.93 ,$9.40 
12/19/2022,$9.48 ,2003482,$9.85 ,$9.85 ,$9.45 
12/16/2022,$9.82 ,6275103,$9.71 ,$9.98 ,$9.59 
12/15/2022,$9.76 ,5542773,$10.17 ,$10.36 ,$9.74 
12/14/2022,$10.53 ,4061319,$10.48 ,$10.76 ,$10.25 
12/13/2022,$10.56 ,6844839,$11.40 ,$11.93 ,$10.32 
12/12/2022,$10.70 ,4100351,$10.45 ,$10.70 ,$10.33 
12/9/2022,$10.36 ,5542296,$10.33 ,$10.57 ,$10.19 
12/8/2022,$10.41 ,5614383,$10.41 ,$10.95 ,$10.18 
12/7/2022,$10.79 ,5112683,$10.92 ,$11.14 ,$10.58 
12/6/2022,$11.10 ,6689763,$12.86 ,$12.86 ,$10.79 
12/5/2022,$12.83 ,3805301,$14.17 ,$14.25 ,$12.69 
12/2/2022,$14.28 ,2783044,$14.08 ,$14.50 ,$13.81 
12/1/2022,$14.29 ,3669343,$14.30 ,$14.39 ,$13.87 
11/30/2022,$14.41 ,8646262,$13.25 ,$14.46 ,$13.18 
11/29/2022,$13.44 ,2156623,$13.62 ,$13.79 ,$13.29 
11/28/2022,$13.48 ,2572341,$13.45 ,$14.08 ,$13.43 
11/25/2022,$14.02 ,884645,$13.87 ,$14.71 ,$13.79 
11/23/2022,$14.10 ,2215039,$13.92 ,$14.27 ,$13.82 
11/22/2022,$13.96 ,2074373,$13.17 ,$14.01 ,$13.00 
11/21/2022,$13.30 ,2902708,$13.70 ,$13.79 ,$13.02 
11/18/2022,$13.95 ,2219633,$14.77 ,$14.77 ,$13.67 
11/17/2022,$14.36 ,2674204,$14.01 ,$14.66 ,$13.84 
11/16/2022,$14.57 ,3973474,$15.05 ,$15.05 ,$14.29 
11/15/2022,$15.52 ,5377130,$16.21 ,$16.38 ,$15.14 
11/14/2022,$15.36 ,4589791,$16.61 ,$16.73 ,$15.32 
11/11/2022,$16.94 ,5326616,$15.60 ,$17.40 ,$15.40 
11/10/2022,$16.28 ,10644840,$15.65 ,$16.40 ,$14.90 
11/9/2022,$13.74 ,7823069,$14.83 ,$14.83 ,$13.20 
11/8/2022,$15.18 ,3510010,$14.97 ,$15.80 ,$14.32 
11/7/2022,$14.94 ,2831761,$15.12 ,$15.28 ,$14.33 
11/4/2022,$14.84 ,2813276,$15.68 ,$15.81 ,$14.38 
11/3/2022,$15.29 ,2597150,$15.69 ,$16.03 ,$15.26 
11/2/2022,$16.07 ,2620368,$17.24 ,$17.25 ,$15.99 
11/1/2022,$17.12 ,2333293,$17.64 ,$18.56 ,$17.08 
10/31/2022,$16.96 ,1749241,$17.18 ,$17.52 ,$16.74 
10/28/2022,$17.39 ,1446504,$17.37 ,$17.63 ,$16.89 
10/27/2022,$17.58 ,2431525,$18.35 ,$18.84 ,$17.51 
10/26/2022,$17.99 ,1650120,$18.28 ,$18.83 ,$17.82 
10/25/2022,$18.80 ,1862284,$17.82 ,$18.88 ,$17.82 
10/24/2022,$17.67 ,1941152,$17.50 ,$17.98 ,$16.81 
10/21/2022,$17.52 ,2212140,$17.49 ,$17.53 ,$16.47 
10/20/2022,$17.80 ,1855073,$17.43 ,$18.44 ,$17.35 
10/19/2022,$17.44 ,1973346,$18.08 ,$18.26 ,$17.16 
10/18/2022,$18.63 ,2503169,$19.24 ,$19.41 ,$18.06 
10/17/2022,$18.44 ,2229351,$18.56 ,$19.18 ,$18.33 
10/14/2022,$17.83 ,1911393,$19.05 ,$19.14 ,$17.64 
10/13/2022,$18.34 ,2706077,$17.25 ,$18.48 ,$16.79 
10/12/2022,$18.10 ,2043024,$17.69 ,$18.15 ,$17.47 
10/11/2022,$17.77 ,1892992,$18.32 ,$18.39 ,$17.34 
10/10/2022,$18.48 ,1608305,$19.42 ,$19.58 ,$18.44 
10/7/2022,$19.22 ,1895867,$19.84 ,$19.87 ,$18.60 
10/6/2022,$20.54 ,1235631,$20.67 ,$21.17 ,$20.17 
10/5/2022,$20.76 ,1538470,$20.55 ,$21.03 ,$20.23 
10/4/2022,$21.24 ,2654193,$21.04 ,$21.79 ,$20.62 
10/3/2022,$20.42 ,2135247,$19.62 ,$20.52 ,$19.11 
9/30/2022,$19.49 ,2235354,$19.47 ,$20.75 ,$19.35 
9/29/2022,$19.68 ,1713690,$20.61 ,$20.79 ,$19.47 
9/28/2022,$21.37 ,1653909,$20.45 ,$21.55 ,$20.36 
9/27/2022,$20.38 ,1831997,$21.00 ,$21.34 ,$20.22 
9/26/2022,$20.32 ,2326206,$20.12 ,$21.09 ,$19.75 
9/23/2022,$20.21 ,2533009,$19.71 ,$20.48 ,$19.34 
9/22/2022,$19.90 ,2182769,$21.02 ,$21.34 ,$19.89 
9/21/2022,$21.14 ,1688444,$22.01 ,$22.30 ,$21.11 
9/20/2022,$21.78 ,1695823,$22.25 ,$22.71 ,$21.73 
9/19/2022,$22.82 ,1805819,$22.71 ,$22.98 ,$22.22 
9/16/2022,$23.15 ,10604620,$23.61 ,$23.70 ,$22.64 
9/15/2022,$24.39 ,3806064,$24.77 ,$26.15 ,$24.25 
9/14/2022,$25.34 ,3363383,$26.57 ,$26.62 ,$24.46 
9/13/2022,$26.68 ,2576722,$28.02 ,$28.09 ,$26.37 
9/12/2022,$28.51 ,2345759,$28.04 ,$28.66 ,$27.77 
9/9/2022,$27.73 ,1838250,$26.43 ,$27.84 ,$26.10 
9/8/2022,$25.94 ,1401932,$24.95 ,$26.19 ,$24.75 
9/7/2022,$25.36 ,1813004,$24.46 ,$25.53 ,$24.36 
9/6/2022,$24.53 ,2309267,$24.15 ,$24.60 ,$23.50 
9/2/2022,$24.09 ,1834699,$25.48 ,$25.74 ,$23.88 
9/1/2022,$25.05 ,2314066,$24.14 ,$25.13 ,$23.37 
8/31/2022,$24.63 ,1648227,$24.40 ,$25.09 ,$24.40 
8/30/2022,$24.49 ,1366841,$25.36 ,$25.57 ,$24.17 
8/29/2022,$24.94 ,1444274,$25.27 ,$26.12 ,$24.89 
8/26/2022,$25.75 ,1786809,$27.00 ,$27.22 ,$25.64 
8/25/2022,$27.07 ,1529472,$26.65 ,$27.21 ,$25.95 
8/24/2022,$26.40 ,1796311,$26.01 ,$27.11 ,$25.92 
8/23/2022,$26.04 ,2362291,$25.57 ,$26.50 ,$25.51 
8/22/2022,$25.55 ,2710980,$25.92 ,$26.71 ,$25.44 
8/19/2022,$26.93 ,3871785,$28.24 ,$28.37 ,$26.82 
8/18/2022,$28.97 ,3890359,$30.09 ,$30.19 ,$28.64 
8/17/2022,$30.18 ,3407875,$31.95 ,$32.14 ,$30.07 
8/16/2022,$32.63 ,4883848,$33.53 ,$33.53 ,$31.26 
8/15/2022,$33.55 ,4256931,$35.57 ,$36.25 ,$33.01 
8/12/2022,$36.32 ,2653834,$34.88 ,$36.62 ,$34.76 
8/11/2022,$34.46 ,8429892,$38.27 ,$39.78 ,$34.31 
8/10/2022,$40.46 ,5187826,$37.65 ,$40.53 ,$37.31 
8/9/2022,$36.01 ,9262230,$35.08 ,$36.36 ,$33.60 
8/8/2022,$40.14 ,2688984,$36.47 ,$40.56 ,$36.47 
8/5/2022,$36.46 ,2627482,$35.15 ,$37.10 ,$34.74 
8/4/2022,$36.00 ,1857652,$35.93 ,$36.63 ,$35.68 
8/3/2022,$35.82 ,4755862,$34.25 ,$36.18 ,$32.71 
8/2/2022,$34.49 ,1587073,$33.52 ,$34.86 ,$33.47 
8/1/2022,$34.17 ,2248636,$34.98 ,$34.98 ,$33.55 
7/29/2022,$35.54 ,1656064,$35.82 ,$35.82 ,$34.01 
7/28/2022,$35.36 ,1754977,$35.15 ,$36.00 ,$34.22 
7/27/2022,$35.33 ,2733907,$34.51 ,$35.69 ,$34.09 
7/26/2022,$33.40 ,1073115,$34.50 ,$34.71 ,$32.75 
7/25/2022,$35.16 ,1148458,$36.29 ,$36.67 ,$34.71 
7/22/2022,$36.16 ,2363110,$38.00 ,$38.49 ,$35.60 
7/21/2022,$38.12 ,1581983,$37.37 ,$38.33 ,$36.81 
7/20/2022,$37.60 ,2818975,$35.43 ,$38.70 ,$35.32 
7/19/2022,$35.20 ,2000165,$35.42 ,$36.33 ,$34.02 
7/18/2022,$34.33 ,1994259,$33.42 ,$35.35 ,$33.42 
7/15/2022,$32.62 ,1762369,$31.49 ,$32.95 ,$30.69 
7/14/2022,$30.81 ,2646682,$32.86 ,$33.00 ,$30.63 
7/13/2022,$32.94 ,2479063,$32.64 ,$33.60 ,$32.35 
7/12/2022,$34.40 ,1382158,$34.89 ,$36.00 ,$33.93 
7/11/2022,$34.93 ,1802262,$36.85 ,$37.23 ,$34.38 
7/8/2022,$37.39 ,1547108,$36.45 ,$38.26 ,$36.00 
7/7/2022,$37.64 ,1654595,$35.90 ,$37.77 ,$35.88 
7/6/2022,$35.88 ,1715405,$35.45 ,$36.37 ,$34.61 
7/5/2022,$35.36 ,2995951,$34.11 ,$35.49 ,$32.36 
7/1/2022,$34.98 ,2142038,$34.69 ,$36.21 ,$34.12 
6/30/2022,$34.44 ,3003734,$35.52 ,$35.54 ,$33.05 
6/29/2022,$35.55 ,1745682,$36.00 ,$36.79 ,$35.12 
6/28/2022,$36.25 ,1914735,$37.85 ,$38.81 ,$35.62 
6/27/2022,$38.34 ,1732177,$39.37 ,$40.03 ,$37.41 
6/24/2022,$39.63 ,16578560,$38.70 ,$40.47 ,$38.43 
6/23/2022,$38.14 ,2342352,$36.35 ,$38.33 ,$35.97 
6/22/2022,$35.96 ,2253203,$34.35 ,$36.51 ,$34.00 
6/21/2022,$35.04 ,2813178,$34.54 ,$35.87 ,$34.31 
6/17/2022,$33.50 ,4636244,$30.61 ,$33.78 ,$30.61 
6/16/2022,$30.63 ,2978980,$32.33 ,$32.99 ,$30.23 
6/15/2022,$34.07 ,2998207,$32.82 ,$35.02 ,$32.82 
6/14/2022,$32.35 ,2956783,$33.88 ,$34.26 ,$32.13 
6/13/2022,$33.83 ,3334131,$34.18 ,$37.16 ,$32.67 
6/10/2022,$36.11 ,3995894,$39.02 ,$39.50 ,$35.21 
6/9/2022,$40.30 ,2632581,$43.04 ,$43.94 ,$40.20 
6/8/2022,$43.75 ,2045711,$43.21 ,$44.76 ,$43.21 
6/7/2022,$43.50 ,2465779,$42.00 ,$44.34 ,$41.95 
6/6/2022,$42.56 ,4532299,$40.60 ,$44.07 ,$38.66 
6/3/2022,$39.43 ,1752158,$39.92 ,$40.74 ,$39.11 
6/2/2022,$40.95 ,2685378,$38.00 ,$41.70 ,$37.86 
6/1/2022,$38.31 ,2981143,$38.56 ,$40.84 ,$37.91 
5/31/2022,$38.11 ,8734880,$40.47 ,$41.45 ,$37.26 
5/27/2022,$40.29 ,3804304,$37.22 ,$40.97 ,$37.22 
5/26/2022,$36.43 ,4684841,$34.91 ,$38.29 ,$34.87 
5/25/2022,$35.69 ,3653809,$32.85 ,$36.07 ,$32.40 
5/24/2022,$33.12 ,6328131,$35.49 ,$35.50 ,$31.40 
5/23/2022,$37.98 ,2341808,$39.88 ,$40.63 ,$37.63 
5/20/2022,$40.03 ,3445719,$40.02 ,$42.32 ,$38.25 
5/19/2022,$39.41 ,3003638,$36.11 ,$40.15 ,$36.06 
5/18/2022,$36.50 ,2671519,$37.17 ,$38.80 ,$36.34 
5/17/2022,$38.10 ,2169942,$38.81 ,$39.00 ,$36.51 
5/16/2022,$37.37 ,3267612,$39.06 ,$39.70 ,$36.78 
5/13/2022,$39.46 ,5526270,$38.82 ,$43.25 ,$38.59 
5/12/2022,$36.74 ,15940610,$32.14 ,$39.86 ,$31.62 
5/11/2022,$27.28 ,7500896,$27.47 ,$29.82 ,$27.15 
5/10/2022,$28.99 ,4733555,$31.40 ,$32.20 ,$27.04 
5/9/2022,$30.20 ,2959219,$32.60 ,$33.17 ,$30.02 
5/6/2022,$33.50 ,2850861,$35.64 ,$35.98 ,$33.00 
5/5/2022,$36.48 ,1614360,$39.69 ,$39.69 ,$35.88 
5/4/2022,$40.31 ,1500972,$39.74 ,$40.47 ,$36.81 
5/3/2022,$39.77 ,1682229,$39.28 ,$41.41 ,$38.89 
5/2/2022,$39.60 ,1249434,$37.88 ,$39.74 ,$37.73 
4/29/2022,$38.15 ,1098788,$38.90 ,$41.07 ,$38.08 
4/28/2022,$39.16 ,1873287,$38.84 ,$40.60 ,$37.56 
4/27/2022,$37.68 ,1919839,$37.98 ,$39.86 ,$36.60 
4/26/2022,$38.60 ,2451673,$41.07 ,$41.19 ,$37.13 
4/25/2022,$41.14 ,2070113,$40.86 ,$41.66 ,$40.65 
4/22/2022,$41.21 ,2140195,$43.18 ,$43.30 ,$40.78 
4/21/2022,$43.12 ,1336088,$47.00 ,$47.62 ,$43.08 
4/20/2022,$46.34 ,2309062,$50.00 ,$50.47 ,$44.96 
4/19/2022,$49.59 ,1020233,$46.85 ,$49.66 ,$46.52 
4/18/2022,$46.74 ,1962167,$48.90 ,$48.90 ,$45.82 
4/14/2022,$48.96 ,758839,$51.59 ,$51.61 ,$48.86 
4/13/2022,$51.96 ,1025044,$49.13 ,$52.09 ,$48.52 
4/12/2022,$49.53 ,1199018,$51.30 ,$52.79 ,$49.15 
4/11/2022,$49.90 ,936612,$50.03 ,$51.90 ,$49.26 
4/8/2022,$51.27 ,567373,$51.48 ,$52.26 ,$50.67 
4/7/2022,$51.88 ,1428520,$51.55 ,$53.53 ,$50.68 
4/6/2022,$52.44 ,744932,$53.20 ,$53.48 ,$51.21 
4/5/2022,$54.98 ,833828,$57.27 ,$57.62 ,$54.35 
4/4/2022,$57.78 ,1200045,$54.42 ,$58.27 ,$53.20 
4/1/2022,$53.27 ,1605651,$55.24 ,$56.66 ,$52.65 
3/31/2022,$55.07 ,1108518,$55.47 ,$56.27 ,$54.72 
3/30/2022,$55.31 ,1001480,$55.39 ,$56.64 ,$54.58 
3/29/2022,$55.98 ,1475483,$54.83 ,$56.70 ,$54.40 
3/28/2022,$53.43 ,1012944,$53.33 ,$53.89 ,$51.90 
3/25/2022,$53.44 ,948618,$55.60 ,$55.76 ,$52.90 
3/24/2022,$55.20 ,899390,$55.75 ,$56.41 ,$53.90 
3/23/2022,$54.90 ,736203,$54.34 ,$56.80 ,$53.60 
3/22/2022,$55.25 ,2559155,$53.37 ,$55.85 ,$52.69 
3/21/2022,$53.40 ,2425935,$53.59 ,$54.94 ,$52.52 
3/18/2022,$54.45 ,7024257,$52.75 ,$55.75 ,$52.11 
3/17/2022,$52.51 ,2882019,$49.86 ,$52.88 ,$49.22 
3/16/2022,$49.99 ,2566375,$47.21 ,$50.24 ,$47.13 
3/15/2022,$45.96 ,2108573,$44.58 ,$46.83 ,$43.51 
3/14/2022,$44.05 ,1611936,$45.10 ,$47.20 ,$43.08 
3/11/2022,$44.55 ,1732121,$47.55 ,$48.02 ,$44.50 
3/10/2022,$46.43 ,1615699,$46.42 ,$46.87 ,$43.97 
3/9/2022,$48.54 ,1498306,$47.72 ,$49.19 ,$46.86 
3/8/2022,$45.74 ,3038555,$48.37 ,$48.37 ,$44.37 
3/7/2022,$47.33 ,3545137,$50.27 ,$50.27 ,$44.85 
3/4/2022,$50.26 ,2603639,$54.59 ,$54.97 ,$49.63 
3/3/2022,$55.14 ,1413877,$58.43 ,$58.82 ,$54.67 
3/2/2022,$57.85 ,1326094,$60.48 ,$60.48 ,$57.33 
3/1/2022,$60.34 ,1814728,$59.11 ,$61.03 ,$57.27 
2/28/2022,$58.08 ,1905205,$56.69 ,$58.28 ,$55.46 
2/25/2022,$57.20 ,1495049,$57.50 ,$58.00 ,$54.31 
2/24/2022,$57.11 ,1673426,$53.83 ,$57.20 ,$52.85 
2/23/2022,$56.28 ,1422065,$58.00 ,$58.60 ,$55.54 
2/22/2022,$57.33 ,2755043,$61.80 ,$62.26 ,$56.78 
2/18/2022,$63.77 ,2595058,$63.07 ,$66.61 ,$63.01 
2/17/2022,$64.13 ,9499473,$55.79 ,$66.12 ,$54.10 
2/16/2022,$68.71 ,3766482,$73.91 ,$75.97 ,$67.85 
2/15/2022,$75.51 ,2006423,$72.80 ,$76.38 ,$72.54 
2/14/2022,$70.96 ,1100513,$69.73 ,$72.68 ,$68.11 
2/11/2022,$70.31 ,719448,$72.20 ,$74.32 ,$69.74 
2/10/2022,$72.23 ,1478445,$72.84 ,$76.12 ,$71.92 
2/9/2022,$74.75 ,1447163,$72.15 ,$75.98 ,$72.15 
2/8/2022,$70.81 ,1162487,$67.83 ,$71.47 ,$66.50 
2/7/2022,$68.42 ,1406052,$68.36 ,$72.23 ,$67.50 
2/4/2022,$68.90 ,2067497,$61.87 ,$69.54 ,$61.68 
2/3/2022,$61.31 ,1594737,$63.03 ,$64.19 ,$60.98 
2/2/2022,$65.22 ,1401587,$67.82 ,$69.03 ,$64.85 
2/1/2022,$67.69 ,1275746,$65.00 ,$67.74 ,$63.80 
1/31/2022,$64.42 ,1270977,$61.82 ,$64.57 ,$61.04 
1/28/2022,$60.89 ,2239828,$59.12 ,$61.23 ,$57.00 
1/27/2022,$59.78 ,1281299,$64.63 ,$64.63 ,$59.60 
1/26/2022,$63.03 ,2719238,$66.74 ,$68.39 ,$62.25 
1/25/2022,$64.58 ,1835877,$67.73 ,$70.92 ,$63.85 
1/24/2022,$69.54 ,2199091,$67.17 ,$69.81 ,$60.50 
1/21/2022,$68.49 ,1518353,$70.06 ,$71.40 ,$68.26 
1/20/2022,$70.90 ,1311099,$71.00 ,$74.99 ,$70.87 
1/19/2022,$70.12 ,2064305,$72.98 ,$73.70 ,$69.84 
1/18/2022,$72.44 ,1712878,$77.25 ,$77.75 ,$72.22 
1/14/2022,$79.01 ,1092579,$78.49 ,$79.80 ,$75.91 
1/13/2022,$79.55 ,772810,$85.12 ,$85.75 ,$79.46 
1/12/2022,$84.33 ,455683,$85.25 ,$85.98 ,$82.75 
1/11/2022,$84.00 ,741644,$82.36 ,$85.97 ,$81.14 
1/10/2022,$82.94 ,959674,$80.37 ,$82.95 ,$75.70 
1/7/2022,$80.45 ,509350,$81.80 ,$83.90 ,$80.19 
1/6/2022,$82.15 ,1028780,$80.75 ,$84.65 ,$79.64 
1/5/2022,$82.03 ,2234372,$86.88 ,$87.30 ,$80.80 
1/4/2022,$88.61 ,1727429,$94.38 ,$95.31 ,$88.27 
1/3/2022,$94.38 ,531403,$95.00 ,$98.14 ,$92.52 
12/31/2021,$94.26 ,517303,$94.49 ,$95.80 ,$93.91 
12/30/2021,$93.99 ,733347,$90.67 ,$95.47 ,$90.53 
12/29/2021,$91.28 ,388830,$92.73 ,$93.06 ,$88.68 
12/28/2021,$93.19 ,499143,$95.28 ,$96.77 ,$92.71 
12/27/2021,$95.81 ,1036415,$94.24 ,$96.98 ,$93.33 
12/23/2021,$93.80 ,521359,$94.00 ,$95.00 ,$90.32 
12/22/2021,$93.83 ,1047299,$91.07 ,$93.98 ,$89.50 
12/21/2021,$91.15 ,928625,$88.57 ,$91.46 ,$87.47 
12/20/2021,$87.36 ,953162,$86.26 ,$89.68 ,$86.01 
12/17/2021,$88.13 ,2262405,$82.00 ,$88.58 ,$81.05 
12/16/2021,$83.75 ,1345924,$89.92 ,$90.98 ,$82.57 
12/15/2021,$88.56 ,1066346,$86.98 ,$89.12 ,$84.93 
12/14/2021,$87.53 ,1833443,$90.48 ,$90.48 ,$85.91 
12/13/2021,$88.85 ,1032446,$90.70 ,$92.52 ,$88.14 
12/10/2021,$90.67 ,821802,$92.18 ,$93.70 ,$89.48 
12/9/2021,$90.78 ,1437614,$96.00 ,$99.29 ,$90.05 
12/8/2021,$96.06 ,1504492,$97.16 ,$98.58 ,$93.47 
12/7/2021,$96.47 ,2749207,$91.14 ,$96.69 ,$89.82 
12/6/2021,$89.82 ,3513076,$93.34 ,$94.31 ,$86.37 
12/3/2021,$93.53 ,29156990,$85.00 ,$96.19 ,$81.45 
12/2/2021,$90.32 ,1222938,$85.37 ,$90.51 ,$85.02 
12/1/2021,$86.13 ,1582298,$93.77 ,$93.97 ,$86.04 
11/30/2021,$91.11 ,1289766,$90.26 ,$91.86 ,$88.83 
11/29/2021,$90.26 ,1368749,$91.14 ,$92.62 ,$88.94 
11/26/2021,$90.71 ,931157,$92.00 ,$94.08 ,$89.20 
11/24/2021,$94.32 ,863904,$92.85 ,$96.23 ,$90.98 
11/23/2021,$92.93 ,1473972,$93.98 ,$97.95 ,$91.39 
11/22/2021,$95.50 ,2429803,$100.01 ,$100.01 ,$91.73 
11/19/2021,$99.77 ,1171770,$99.86 ,$101.00 ,$98.90 
11/18/2021,$99.64 ,2282411,$102.00 ,$102.80 ,$96.81 
11/17/2021,$105.42 ,1505284,$109.01 ,$109.72 ,$103.13 
11/16/2021,$109.03 ,3102242,$102.00 ,$109.19 ,$98.00 
11/15/2021,$102.77 ,2609361,$113.00 ,$113.55 ,$101.54 
11/12/2021,$112.36 ,3047046,$114.85 ,$116.00 ,$109.70 
11/11/2021,$114.85 ,7535583,$103.70 ,$116.09 ,$103.40 
11/10/2021,$95.73 ,3231760,$98.49 ,$100.46 ,$94.69 
11/9/2021,$103.57 ,2133905,$100.70 ,$104.67 ,$99.36 
11/8/2021,$99.64 ,1505586,$98.65 ,$100.49 ,$98.34 
11/5/2021,$98.47 ,1148291,$98.84 ,$100.65 ,$97.19 
11/4/2021,$98.55 ,1368627,$98.58 ,$100.96 ,$97.91 
11/3/2021,$98.36 ,1402788,$98.67 ,$100.73 ,$97.35 
11/2/2021,$98.75 ,1056494,$99.79 ,$101.00 ,$98.29 
11/1/2021,$99.49 ,1166122,$99.00 ,$101.67 ,$98.14 
10/29/2021,$98.25 ,1049279,$97.25 ,$99.33 ,$97.10 
10/28/2021,$97.90 ,1548520,$95.02 ,$100.50 ,$94.40 
10/27/2021,$94.92 ,1565183,$95.24 ,$98.75 ,$94.81 
10/26/2021,$94.01 ,1731404,$93.00 ,$96.37 ,$92.88 
10/25/2021,$93.56 ,2371661,$90.00 ,$96.81 ,$89.46 
10/22/2021,$94.25 ,2283765,$95.75 ,$98.23 ,$93.57 
10/21/2021,$96.30 ,3229840,$93.15 ,$96.44 ,$92.53 
10/20/2021,$93.33 ,2282892,$96.31 ,$98.60 ,$92.69 
10/19/2021,$95.66 ,1812322,$94.04 ,$96.85 ,$93.05 
10/18/2021,$92.21 ,967469,$91.90 ,$94.05 ,$91.79 
10/15/2021,$91.84 ,1507349,$91.15 ,$92.65 ,$89.60 
10/14/2021,$90.79 ,1604632,$88.60 ,$90.87 ,$87.85 
10/13/2021,$88.01 ,1198140,$87.34 ,$88.95 ,$87.30 
10/12/2021,$87.18 ,1465579,$88.90 ,$89.50 ,$86.06 
10/11/2021,$87.41 ,1362706,$85.19 ,$88.17 ,$84.34 
10/8/2021,$86.34 ,1880490,$84.58 ,$87.06 ,$83.31 
10/7/2021,$84.94 ,5279429,$82.63 ,$85.00 ,$80.05 
10/6/2021,$77.00 ,838249,$73.00 ,$77.24 ,$72.49 
10/5/2021,$73.75 ,932502,$71.83 ,$74.81 ,$71.83 
10/4/2021,$71.88 ,538954,$74.40 ,$74.40 ,$71.21 
10/1/2021,$74.78 ,1002965,$72.59 ,$75.02 ,$70.05 
9/30/2021,$72.37 ,806270,$74.61 ,$74.80 ,$72.18 
9/29/2021,$74.16 ,1172541,$73.36 ,$76.20 ,$72.93 
9/28/2021,$72.71 ,805057,$74.38 ,$76.00 ,$72.40 
9/27/2021,$76.70 ,824593,$79.43 ,$79.43 ,$75.30 
9/24/2021,$79.47 ,1547175,$77.72 ,$80.75 ,$77.25 
9/23/2021,$77.85 ,1300060,$76.00 ,$79.89 ,$75.64 
9/22/2021,$73.08 ,1003601,$74.09 ,$75.74 ,$72.89 
9/21/2021,$74.09 ,631965,$70.47 ,$74.39 ,$70.14 
9/20/2021,$70.34 ,843600,$70.59 ,$73.96 ,$69.34 
9/17/2021,$72.75 ,1636951,$71.89 ,$73.18 ,$70.53 
9/16/2021,$71.62 ,861135,$73.40 ,$73.59 ,$70.24 
9/15/2021,$73.57 ,1081156,$75.27 ,$77.53 ,$72.21 
9/14/2021,$75.63 ,1875800,$74.80 ,$76.90 ,$74.10 
9/13/2021,$74.96 ,1490129,$77.56 ,$77.74 ,$71.10 
9/10/2021,$77.38 ,3303367,$71.15 ,$80.22 ,$69.12 
9/9/2021,$71.09 ,1428518,$69.79 ,$71.77 ,$68.43 
9/8/2021,$68.00 ,2050725,$73.30 ,$73.30 ,$67.91 
9/7/2021,$74.04 ,1117782,$77.57 ,$77.60 ,$73.52 
9/3/2021,$77.98 ,1116972,$78.32 ,$79.67 ,$77.23 
9/2/2021,$78.45 ,1898886,$74.39 ,$79.53 ,$74.39 
9/1/2021,$74.30 ,2589888,$69.22 ,$76.00 ,$68.80 
8/31/2021,$70.40 ,1303960,$73.95 ,$73.95 ,$69.34 
8/30/2021,$73.30 ,972935,$74.28 ,$74.61 ,$71.34 
8/27/2021,$74.20 ,811013,$72.99 ,$75.11 ,$72.30 
8/26/2021,$73.57 ,1287278,$75.52 ,$77.03 ,$71.73 
8/25/2021,$76.60 ,985685,$74.30 ,$76.62 ,$72.78 
8/24/2021,$74.50 ,1181660,$72.00 ,$74.56 ,$69.48 
8/23/2021,$71.56 ,1117714,$70.57 ,$72.00 ,$68.73 
8/20/2021,$69.97 ,1474938,$66.50 ,$70.33 ,$66.50 
8/19/2021,$67.10 ,1765557,$64.00 ,$67.12 ,$63.50 
8/18/2021,$63.77 ,1343605,$63.06 ,$65.48 ,$60.31 
8/17/2021,$62.57 ,2469739,$57.99 ,$63.45 ,$56.27 
8/16/2021,$55.88 ,792558,$56.37 ,$56.37 ,$54.62 
8/13/2021,$56.46 ,1057157,$56.45 ,$57.10 ,$55.49 
8/12/2021,$56.96 ,2481861,$61.16 ,$63.45 ,$55.34 
8/11/2021,$58.50 ,1396685,$58.16 ,$62.05 ,$57.91 
8/10/2021,$57.19 ,581866,$58.24 ,$58.80 ,$56.21 
8/9/2021,$57.57 ,449759,$59.34 ,$60.00 ,$57.53 
8/6/2021,$58.65 ,1465133,$62.85 ,$62.88 ,$56.58 
8/5/2021,$63.25 ,345508,$62.86 ,$64.01 ,$61.74 
8/4/2021,$63.18 ,354111,$63.02 ,$64.36 ,$62.75 
8/3/2021,$62.89 ,352595,$63.58 ,$63.71 ,$60.55 
8/2/2021,$63.23 ,308409,$62.02 ,$64.14 ,$60.50 
7/30/2021,$61.47 ,405255,$64.45 ,$65.33 ,$61.01 
7/29/2021,$65.22 ,409508,$65.29 ,$66.39 ,$64.40 
7/28/2021,$65.21 ,581288,$62.51 ,$65.30 ,$62.18 
7/27/2021,$62.65 ,485640,$62.38 ,$62.96 ,$60.00 
7/26/2021,$62.57 ,487136,$63.50 ,$65.63 ,$62.06 
7/23/2021,$63.35 ,479846,$62.72 ,$64.85 ,$61.75 
7/22/2021,$62.69 ,872074,$60.00 ,$62.70 ,$59.45 
7/21/2021,$59.83 ,666891,$61.33 ,$61.51 ,$59.15 
7/20/2021,$60.85 ,550909,$60.43 ,$61.15 ,$59.04 
7/19/2021,$60.51 ,719536,$59.98 ,$61.30 ,$58.15 
7/16/2021,$60.75 ,695817,$63.58 ,$63.58 ,$59.43 
7/15/2021,$63.43 ,927799,$65.05 ,$66.38 ,$60.92 
7/14/2021,$65.16 ,541924,$68.91 ,$69.59 ,$64.63 
7/13/2021,$68.98 ,779855,$66.89 ,$69.67 ,$66.23 
7/12/2021,$67.20 ,395449,$66.55 ,$67.52 ,$65.76 
7/9/2021,$66.18 ,321626,$65.76 ,$66.41 ,$65.05 
7/8/2021,$65.88 ,624164,$65.01 ,$66.98 ,$63.95 
7/7/2021,$66.28 ,941898,$68.06 ,$68.71 ,$65.36 
7/6/2021,$68.06 ,1394846,$72.02 ,$72.15 ,$68.00 
7/2/2021,$72.07 ,669784,$70.98 ,$72.59 ,$70.53 
7/1/2021,$70.98 ,1524250,$74.28 ,$74.90 ,$69.41 
6/30/2021,$75.17 ,2206213,$78.37 ,$79.00 ,$73.94 
6/29/2021,$83.32 ,635490,$81.73 ,$84.90 ,$81.20 
6/28/2021,$82.12 ,810551,$85.31 ,$86.46 ,$81.07 
6/25/2021,$84.86 ,537746,$84.76 ,$85.49 ,$82.75 
6/24/2021,$84.50 ,754831,$85.91 ,$87.16 ,$83.92 
6/23/2021,$81.49 ,388295,$80.15 ,$82.87 ,$80.15 
6/22/2021,$80.30 ,1214726,$84.11 ,$84.60 ,$77.59 
6/21/2021,$83.91 ,620704,$88.00 ,$88.00 ,$83.28 
6/18/2021,$88.21 ,2514241,$87.44 ,$90.03 ,$87.30 
6/17/2021,$88.22 ,1375266,$86.03 ,$88.48 ,$85.25 
6/16/2021,$85.81 ,1455103,$81.03 ,$86.77 ,$81.03 
6/15/2021,$81.65 ,588668,$81.51 ,$82.96 ,$80.30 
6/14/2021,$81.89 ,869894,$82.50 ,$84.46 ,$81.18 
6/11/2021,$82.42 ,1144632,$82.00 ,$82.51 ,$79.79 
6/10/2021,$81.86 ,1161204,$80.18 ,$82.14 ,$79.17 
6/9/2021,$80.25 ,863889,$79.48 ,$81.80 ,$78.43 
6/8/2021,$79.47 ,941755,$77.17 ,$80.15 ,$77.17 
6/7/2021,$77.25 ,662001,$74.20 ,$77.47 ,$72.22 
6/4/2021,$74.36 ,524472,$69.99 ,$74.61 ,$69.99 
6/3/2021,$70.47 ,352898,$69.24 ,$72.10 ,$69.06 
6/2/2021,$70.09 ,499422,$68.86 ,$72.03 ,$68.52 
6/1/2021,$68.86 ,1013860,$74.25 ,$74.72 ,$67.67 
5/28/2021,$74.31 ,864594,$69.85 ,$75.18 ,$69.00 
5/27/2021,$69.68 ,1112696,$68.87 ,$71.91 ,$67.09 
5/26/2021,$68.62 ,529370,$69.34 ,$69.98 ,$67.54 
5/25/2021,$69.95 ,1028575,$70.01 ,$72.53 ,$67.59 
5/24/2021,$70.31 ,834008,$68.42 ,$70.73 ,$66.52 
5/21/2021,$68.35 ,880310,$69.00 ,$70.17 ,$65.88 
5/20/2021,$67.90 ,964180,$66.30 ,$68.55 ,$66.30 
5/19/2021,$64.61 ,603701,$62.46 ,$65.27 ,$61.54 
5/18/2021,$64.29 ,1122068,$62.01 ,$65.89 ,$61.91 
5/17/2021,$62.44 ,1033321,$56.17 ,$62.87 ,$55.83 
5/14/2021,$57.26 ,1198906,$50.24 ,$57.82 ,$50.01 
5/13/2021,$49.87 ,1645535,$52.31 ,$54.89 ,$49.41 
5/12/2021,$52.25 ,1351221,$52.57 ,$53.44 ,$49.66 
5/11/2021,$53.46 ,1483388,$54.43 ,$54.95 ,$50.75 
5/10/2021,$55.50 ,1348364,$59.21 ,$59.21 ,$54.47 
5/7/2021,$57.26 ,552603,$57.73 ,$57.95 ,$55.76 
5/6/2021,$56.93 ,1329370,$57.98 ,$57.98 ,$54.72 
5/5/2021,$58.18 ,645052,$58.77 ,$59.29 ,$57.51 
5/4/2021,$58.55 ,879088,$59.78 ,$60.00 ,$57.82 
5/3/2021,$60.06 ,516157,$58.53 ,$60.41 ,$58.53 
4/30/2021,$58.01 ,284043,$59.41 ,$59.56 ,$57.81 
4/29/2021,$59.17 ,292894,$59.00 ,$59.83 ,$58.82 
4/28/2021,$58.75 ,309565,$58.42 ,$60.04 ,$58.07 
4/27/2021,$58.85 ,630252,$60.00 ,$61.11 ,$58.71 
4/26/2021,$59.80 ,796280,$58.77 ,$59.81 ,$57.65 
4/23/2021,$58.50 ,1230352,$62.10 ,$62.94 ,$58.45 
4/22/2021,$62.10 ,845085,$61.95 ,$62.95 ,$60.51 
4/21/2021,$61.81 ,3607103,$60.49 ,$62.21 ,$56.53 
4/20/2021,$60.15 ,3055476,$60.04 ,$61.90 ,$58.99 
4/19/2021,$58.86 ,4642531,$60.00 ,$61.00 ,$55.71 
4/16/2021,$61.00 ,4199308,$65.00 ,$65.20 ,$58.65 
4/15/2021,$65.20 ,11444400,$70.00 ,$71.51 ,$63.00 
